{"cameraMode":{"drawMode":0,"name":"Shaded","section":"Shading Mode"},"sceneLighting":true,"audioPlay":false,"sceneViewState":{"m_AlwaysRefresh":false,"showFog":true,"showSkybox":true,"showFlares":true,"showImageEffects":true,"showParticleSystems":true,"showVisualEffectGraphs":true,"m_FxEnabled":true},"in2DMode":false,"pivot":{"x":-0.4713432788848877,"y":1.6695168018341065,"z":2.0674612522125246},"rotation":{"x":0.3048282861709595,"y":-0.1322971135377884,"z":0.042801838368177417,"w":0.9422065019607544},"size":2.391087532043457,"orthographic":true}