{"cameraMode":{"drawMode":0,"name":"Shaded","section":"Shading Mode"},"sceneLighting":true,"audioPlay":false,"sceneViewState":{"m_AlwaysRefresh":false,"showFog":true,"showSkybox":true,"showFlares":true,"showImageEffects":true,"showParticleSystems":true,"showVisualEffectGraphs":true,"m_FxEnabled":true},"in2DMode":false,"pivot":{"x":6.00438928604126,"y":25.556629180908204,"z":-55.2984733581543},"rotation":{"x":0.14646558463573457,"y":0.008902608416974545,"z":-0.0013183248229324818,"w":0.9891762137413025},"size":2.425203800201416,"orthographic":false}